{
  "quantum": {
    "cycle": 21,
    "capacity_Ah": 3.2301851111111115,
    "score": -0.047113376169913374,
    "threshold": -0.00036057553075694514
  },
  "rbf": {
    "cycle": 23,
    "capacity_Ah": 3.2266291083333334,
    "score": -0.0018814605490723446,
    "threshold": -0.0003202940481593586
  },
  "laplacian": {
    "cycle": 21,
    "capacity_Ah": 3.2301851111111115,
    "score": -0.00026593999364099563,
    "threshold": -0.00022760196547769727
  },
  "poly2": {
    "cycle": 24,
    "capacity_Ah": 3.2266263194444447,
    "score": -1.2985828547641152,
    "threshold": 1.7607285567322607e-07
  },
  "poly3": {
    "cycle": 24,
    "capacity_Ah": 3.2266263194444447,
    "score": -5.68165477443867,
    "threshold": 5.727211032535707e-07
  },
  "c_ref": 3.270184072222223,
  "c80": 2.6161472577777785,
  "c80_cycle": 965
}