{
  "quantum": {
    "cycle": 121,
    "capacity_Ah": 3.1937447861111115,
    "score": 0.009140853957664799,
    "threshold": 0.0006112386226312617
  },
  "rbf": {
    "cycle": null,
    "capacity_Ah": null,
    "score": null,
    "threshold": 0.06517565610622714
  },
  "laplacian": {
    "cycle": null,
    "capacity_Ah": null,
    "score": null,
    "threshold": 0.02649292385328813
  },
  "poly2": {
    "cycle": 160,
    "capacity_Ah": 3.0488418055555555,
    "score": 6.467089556302202,
    "threshold": 5.133115078054145
  },
  "poly3": {
    "cycle": 506,
    "capacity_Ah": 2.867518308333333,
    "score": 18078.359298811796,
    "threshold": 25.563401645764966
  },
  "c_ref": 3.270184072222223,
  "c80": 2.6161472577777785,
  "c80_cycle": 965
}