model,first_alarm_cycle,c80_cycle,lead_time,auroc,fpr_train,threshold,n_support_vectors,early_warning
quantum,21,965,944,0.49540061575429906,0.05,-0.00036057553075694514,19,Yes
rbf,21,965,944,0.5756476683937823,0.05,-0.0003202940481593586,7,Yes
laplacian,21,965,944,0.9998122700307877,0.05,-0.00022760196547769727,9,Yes
poly2,24,965,941,0.0005406623113313807,0.05,1.7607285567322607e-07,2,Yes
poly3,24,965,941,0.9960614252459262,0.05,5.727211032535707e-07,2,Yes
