{
  "feature_cols": [
    "capacity_Ah",
    "energy_Wh",
    "duration_s",
    "v_min",
    "v_max",
    "v_mean",
    "i_rms",
    "dVdt_abs_mean"
  ],
  "train_min": [
    3.234622497222223,
    11.55691897973636,
    3640.0,
    2.99985,
    4.08156,
    3.572742936813187,
    3.1995143985869463,
    0.0003590615595075
  ],
  "train_max": [
    3.270184072222223,
    11.69669705576514,
    3680.0,
    3.0,
    4.08385,
    3.5766434076086955,
    3.199535301559385,
    0.000365718981101
  ],
  "target_range": [
    0,
    3.141592653589793
  ],
  "n_features": 8
}