{
  "quantum": 0.0006112386226312617,
  "rbf": 0.06517565610622714,
  "laplacian": 0.02649292385328813,
  "poly2": 5.133115078054145,
  "poly3": 25.563401645764966
}