{
  "quantum": -0.00036057553075694514,
  "rbf": -0.0003202940481593586,
  "laplacian": -0.00022760196547769727,
  "poly2": 1.7607285567322607e-07,
  "poly3": 5.727211032535707e-07
}